{
  "corr": {
    "cout": {
      "cout": 1.0,
      "profit": 0.9575528406656645,
      "quantite": 0.7639478070378952,
      "remise": 0.2888206736437733,
      "satisfaction": 0.14447645482735558,
      "temperature": 0.3704748500084558,
      "ventes": 0.9935382009452328,
      "visites": 0.5718258821699816
    },
    "profit": {
      "cout": 0.9575528406656645,
      "profit": 1.0,
      "quantite": 0.7576150285644421,
      "remise": 0.30978261159615417,
      "satisfaction": 0.15638540027211953,
      "temperature": 0.3556997350460126,
      "ventes": 0.9840820700035974,
      "visites": 0.5673051632764912
    },
    "quantite": {
      "cout": 0.7639478070378952,
      "profit": 0.7576150285644421,
      "quantite": 1.0,
      "remise": 0.4685821945568433,
      "satisfaction": 0.06478696518378396,
      "temperature": 0.3955230150359877,
      "ventes": 0.7692857078050616,
      "visites": 0.7042622711848804
    },
    "remise": {
      "cout": 0.2888206736437733,
      "profit": 0.30978261159615417,
      "quantite": 0.4685821945568433,
      "remise": 1.0,
      "satisfaction": 0.04311662876083264,
      "temperature": 0.024177896068512946,
      "ventes": 0.30003445140566876,
      "visites": 0.43750109448662156
    },
    "satisfaction": {
      "cout": 0.14447645482735558,
      "profit": 0.15638540027211953,
      "quantite": 0.06478696518378396,
      "remise": 0.04311662876083264,
      "satisfaction": 1.0,
      "temperature": -0.02445136353970392,
      "ventes": 0.15070485346259557,
      "visites": 0.01957856844586974
    },
    "temperature": {
      "cout": 0.3704748500084558,
      "profit": 0.3556997350460126,
      "quantite": 0.3955230150359877,
      "remise": 0.024177896068512946,
      "satisfaction": -0.02445136353970392,
      "temperature": 1.0,
      "ventes": 0.3684550441284392,
      "visites": 0.740353353193259
    },
    "ventes": {
      "cout": 0.9935382009452328,
      "profit": 0.9840820700035974,
      "quantite": 0.7692857078050616,
      "remise": 0.30003445140566876,
      "satisfaction": 0.15070485346259557,
      "temperature": 0.3684550441284392,
      "ventes": 1.0,
      "visites": 0.5759076668423564
    },
    "visites": {
      "cout": 0.5718258821699816,
      "profit": 0.5673051632764912,
      "quantite": 0.7042622711848804,
      "remise": 0.43750109448662156,
      "satisfaction": 0.01957856844586974,
      "temperature": 0.740353353193259,
      "ventes": 0.5759076668423564,
      "visites": 1.0
    }
  },
  "describe": {
    "canal": {
      "25%": NaN,
      "50%": NaN,
      "75%": NaN,
      "count": 365,
      "freq": 122,
      "max": NaN,
      "mean": NaN,
      "min": NaN,
      "std": NaN,
      "top": "Web",
      "unique": 3
    },
    "commentaire": {
      "25%": NaN,
      "50%": NaN,
      "75%": NaN,
      "count": 334,
      "freq": 43,
      "max": NaN,
      "mean": NaN,
      "min": NaN,
      "std": NaN,
      "top": "Moyen",
      "unique": 10
    },
    "cout": {
      "25%": 806.68,
      "50%": 1094.01,
      "75%": 1509.59,
      "count": 365.0,
      "freq": NaN,
      "max": 3557.82,
      "mean": 1212.211205479452,
      "min": 282.64,
      "std": 554.3856771700457,
      "top": NaN,
      "unique": NaN
    },
    "date": {
      "25%": NaN,
      "50%": NaN,
      "75%": NaN,
      "count": 365,
      "freq": 1,
      "max": NaN,
      "mean": NaN,
      "min": NaN,
      "std": NaN,
      "top": "2025-01-01",
      "unique": 365
    },
    "produit": {
      "25%": NaN,
      "50%": NaN,
      "75%": NaN,
      "count": 365,
      "freq": 92,
      "max": NaN,
      "mean": NaN,
      "min": NaN,
      "std": NaN,
      "top": "Alpha",
      "unique": 4
    },
    "profit": {
      "25%": 484.53,
      "50%": 682.39,
      "75%": 935.0,
      "count": 365.0,
      "freq": NaN,
      "max": 2166.45,
      "mean": 747.7088767123288,
      "min": 170.34,
      "std": 354.05968784782544,
      "top": NaN,
      "unique": NaN
    },
    "quantite": {
      "25%": 15.0,
      "50%": 19.0,
      "75%": 24.0,
      "count": 365.0,
      "freq": NaN,
      "max": 45.0,
      "mean": 19.5013698630137,
      "min": 7.0,
      "std": 6.764331410937918,
      "top": NaN,
      "unique": NaN
    },
    "region": {
      "25%": NaN,
      "50%": NaN,
      "75%": NaN,
      "count": 365,
      "freq": 92,
      "max": NaN,
      "mean": NaN,
      "min": NaN,
      "std": NaN,
      "top": "Nord",
      "unique": 4
    },
    "remise": {
      "25%": 0.047,
      "50%": 0.063,
      "75%": 0.104,
      "count": 365.0,
      "freq": NaN,
      "max": 0.145,
      "mean": 0.07473150684931507,
      "min": 0.021,
      "std": 0.03248979923055618,
      "top": NaN,
      "unique": NaN
    },
    "satisfaction": {
      "25%": 3.0,
      "50%": 4.0,
      "75%": 4.0,
      "count": 350.0,
      "freq": NaN,
      "max": 5.0,
      "mean": 3.797142857142857,
      "min": 2.0,
      "std": 0.5975047034549931,
      "top": NaN,
      "unique": NaN
    },
    "temperature": {
      "25%": 5.21,
      "50%": 12.11,
      "75%": 18.86,
      "count": 365.0,
      "freq": NaN,
      "max": 24.38,
      "mean": 11.961013698630138,
      "min": -0.81,
      "std": 7.156665786410825,
      "top": NaN,
      "unique": NaN
    },
    "ventes": {
      "25%": 1287.79,
      "50%": 1754.23,
      "75%": 2439.41,
      "count": 365.0,
      "freq": NaN,
      "max": 5724.27,
      "mean": 1959.9202739726024,
      "min": 452.98,
      "std": 899.2275581174916,
      "top": NaN,
      "unique": NaN
    },
    "visites": {
      "25%": 778.0,
      "50%": 909.0,
      "75%": 1033.0,
      "count": 365.0,
      "freq": NaN,
      "max": 1412.0,
      "mean": 905.4465753424657,
      "min": 481.0,
      "std": 171.16456486182648,
      "top": NaN,
      "unique": NaN
    }
  },
  "normality": {
    "column": "visites",
    "interpretation": "Données semblent normales",
    "p_value": 0.059984645266600835,
    "statistic": 0.9924008627404648,
    "test": "SHAPIRO normality test"
  },
  "plot_url": "/uploads/stat_desc_corr_1768511199.png",
  "success": true
}