{
  "generated_at": "2026-01-16T14:03:29",
  "datasets": {
    "numeric_gaussian": {
      "file": "test_stats_numeric_gaussian.csv",
      "numeric_columns": [
        "x",
        "y"
      ],
      "checks": [
        {
          "dataset": "numeric_gaussian",
          "column": "x",
          "expected": {
            "missing": 0,
            "mean": 50.5,
            "median": 50.5,
            "p25": 25.75,
            "p75": 75.25,
            "min": 1.0,
            "max": 100.0,
            "std": 29.011491975882016
          },
          "dashboard": {
            "missing": 0,
            "mean": 50.5,
            "median": 50.5,
            "p25": 25.75,
            "p75": 75.25,
            "min": 1.0,
            "max": 100.0,
            "std": 29.011491975882016
          },
          "lab": {
            "missing": 0,
            "mean": 50.5,
            "median": 50.5,
            "p25": 25.75,
            "p75": 75.25,
            "min": 1.0,
            "max": 100.0,
            "std": 29.011491975882016
          },
          "describe_endpoint": {
            "mean": 50.5,
            "std": 29.011491975882016,
            "50%": 50.5,
            "25%": 25.75,
            "75%": 75.25,
            "min": 1.0,
            "max": 100.0
          }
        },
        {
          "dataset": "numeric_gaussian",
          "column": "y",
          "expected": {
            "missing": 0,
            "mean": 9.792306965211813,
            "median": 9.746087416440576,
            "p25": 8.798188659007094,
            "p75": 10.811904104024123,
            "min": 4.760509791820511,
            "max": 13.704556369017876,
            "std": 1.8163368560156015
          },
          "dashboard": {
            "missing": 0,
            "mean": 9.792306965211813,
            "median": 9.746087416440576,
            "p25": 8.798188659007094,
            "p75": 10.811904104024125,
            "min": 4.760509791820511,
            "max": 13.704556369017876,
            "std": 1.8163368560156015
          },
          "lab": {
            "missing": 0,
            "mean": 9.792306965211813,
            "median": 9.746087416440576,
            "p25": 8.798188659007094,
            "p75": 10.811904104024125,
            "min": 4.760509791820511,
            "max": 13.704556369017876,
            "std": 1.8163368560156015
          },
          "describe_endpoint": {
            "mean": 9.792306965211813,
            "std": 1.8163368560156015,
            "50%": 9.746087416440576,
            "25%": 8.798188659007094,
            "75%": 10.811904104024125,
            "min": 4.760509791820511,
            "max": 13.704556369017876
          }
        }
      ]
    },
    "missing_outliers": {
      "file": "test_stats_missing_outliers.csv",
      "numeric_columns": [
        "score",
        "z"
      ],
      "checks": [
        {
          "dataset": "missing_outliers",
          "column": "score",
          "expected": {
            "missing": 12,
            "mean": 9263.19516770805,
            "median": 3.0701170197521135,
            "p25": 1.67871636866076,
            "p75": 4.510937171881373,
            "min": 0.8822866602200086,
            "max": 1000000.0,
            "std": 96224.66269836936
          },
          "dashboard": {
            "missing": 12,
            "mean": 9263.19516770805,
            "median": 3.0701170197521135,
            "p25": 1.67871636866076,
            "p75": 4.510937171881373,
            "min": 0.8822866602200086,
            "max": 1000000.0,
            "std": 96224.66269836936
          },
          "lab": {
            "missing": 12,
            "mean": 9263.19516770805,
            "median": 3.0701170197521135,
            "p25": 1.67871636866076,
            "p75": 4.510937171881373,
            "min": 0.8822866602200086,
            "max": 1000000.0,
            "std": 96224.66269836936
          },
          "describe_endpoint": {
            "mean": 9263.19516770805,
            "std": 96224.66269836936,
            "50%": 3.0701170197521135,
            "25%": 1.67871636866076,
            "75%": 4.510937171881373,
            "min": 0.8822866602200086,
            "max": 1000000.0
          }
        },
        {
          "dataset": "missing_outliers",
          "column": "z",
          "expected": {
            "missing": 0,
            "mean": 0.03738903557163915,
            "median": 0.054925929499638274,
            "p25": -0.6520325688477906,
            "p75": 0.6830297760648514,
            "min": -3.2412673400690726,
            "max": 2.3146585666735087,
            "std": 0.9804892998397163
          },
          "dashboard": {
            "missing": 0,
            "mean": 0.0373890355716391,
            "median": 0.054925929499638204,
            "p25": -0.6520325688477906,
            "p75": 0.6830297760648514,
            "min": -3.241267340069073,
            "max": 2.3146585666735087,
            "std": 0.9804892998397163
          },
          "lab": {
            "missing": 0,
            "mean": 0.0373890355716391,
            "median": 0.054925929499638204,
            "p25": -0.6520325688477906,
            "p75": 0.6830297760648514,
            "min": -3.241267340069073,
            "max": 2.3146585666735087,
            "std": 0.9804892998397163
          },
          "describe_endpoint": {
            "mean": 0.0373890355716391,
            "std": 0.9804892998397163,
            "50%": 0.054925929499638204,
            "25%": -0.6520325688477906,
            "75%": 0.6830297760648514,
            "min": -3.241267340069073,
            "max": 2.3146585666735087
          }
        }
      ]
    },
    "mixed_types": {
      "file": "test_stats_mixed_types.csv",
      "numeric_columns": [
        "amount"
      ],
      "checks": [
        {
          "dataset": "mixed_types",
          "column": "amount",
          "expected": {
            "missing": 0,
            "mean": 522.5710610813156,
            "median": 556.129267068563,
            "p25": 197.40135795660746,
            "p75": 815.064690265716,
            "min": 11.35364476741907,
            "max": 992.9647961193003,
            "std": 328.01547378217464
          },
          "dashboard": {
            "missing": 0,
            "mean": 522.5710610813156,
            "median": 556.129267068563,
            "p25": 197.40135795660746,
            "p75": 815.064690265716,
            "min": 11.35364476741907,
            "max": 992.9647961193004,
            "std": 328.01547378217464
          },
          "lab": {
            "missing": 0,
            "mean": 522.5710610813156,
            "median": 556.129267068563,
            "p25": 197.40135795660746,
            "p75": 815.064690265716,
            "min": 11.35364476741907,
            "max": 992.9647961193004,
            "std": 328.01547378217464
          },
          "describe_endpoint": {
            "mean": 522.5710610813156,
            "std": 328.01547378217464,
            "50%": 556.129267068563,
            "25%": 197.40135795660746,
            "75%": 815.064690265716,
            "min": 11.35364476741907,
            "max": 992.9647961193004
          }
        }
      ]
    },
    "small_constant": {
      "file": "test_stats_small_constant.csv",
      "numeric_columns": [
        "a",
        "b"
      ],
      "checks": [
        {
          "dataset": "small_constant",
          "column": "a",
          "expected": {
            "missing": 0,
            "mean": 3.0,
            "median": 3.0,
            "p25": 2.0,
            "p75": 4.0,
            "min": 1.0,
            "max": 5.0,
            "std": 1.5811388300841898
          },
          "dashboard": {
            "missing": 0,
            "mean": 3.0,
            "median": 3.0,
            "p25": 2.0,
            "p75": 4.0,
            "min": 1.0,
            "max": 5.0,
            "std": 1.5811388300841898
          },
          "lab": {
            "missing": 0,